event_type,event_date,event_month,business_id,business_name,business_address,lon,lat
opening,2026-04-01,2026-04,632380,儀式感手工食研室,臺北市南港區松河街480號9樓,121.594548,25.058906
opening,2026-04-01,2026-04,632396,粉紅甜心商行,臺北市萬華區漢口街2段54之1號,121.505629,25.045531
opening,2026-04-01,2026-04,632403,心晴好工作室,臺北市中正區紹興北路31巷26號1樓,121.526202,25.045144
opening,2026-04-01,2026-04,632419,三哥涼麵,臺北市信義區松山路541巷17號1樓,121.578829,25.037918
opening,2026-04-01,2026-04,632425,初和傳統整復推拿工作室,臺北市士林區文林路740巷20號1樓,121.521272,25.103404
opening,2026-04-01,2026-04,632430,安可威爾點心鋪,臺北市北投區立農街1段239號1樓,121.504898,25.119772
opening,2026-04-01,2026-04,632446,適己塗裝工程行,臺北市北投區尊賢街302巷13號1樓,121.507441,25.118137
opening,2026-04-01,2026-04,632451,迪安藝術工作室,臺北市大同區承德路1段105號8樓之6,121.51781,25.052848
opening,2026-04-01,2026-04,632467,富明王企業社,臺北市大安區羅斯福路2段79號4樓,121.523315,25.026219
opening,2026-04-01,2026-04,632473,下半場生活企業社,臺北市大安區市民大道三段220號1樓,121.540874,25.044339
opening,2026-04-01,2026-04,632488,卓岳企業社,臺北市大同區南京西路57號3樓,121.519354,25.053083
opening,2026-04-01,2026-04,632494,幼希企業社,臺北市中山區長安東路2段108號1樓,121.53528,25.048317
opening,2026-04-01,2026-04,632500,雅思娜企業商行,臺北市中正區館前路2號12樓,121.514883,25.046367
opening,2026-04-01,2026-04,632516,榮鼎室內裝修企業社,臺北市南港區市民大道7段10號5樓,121.580524,25.048839
opening,2026-04-01,2026-04,632522,沐雨小吃店,臺北市士林區中正路389號1樓,121.521345,25.094047
opening,2026-04-01,2026-04,632537,中崙甜不辣,臺北市松山區民生東路4段64號,121.552004,25.057839
opening,2026-04-01,2026-04,632543,茗教練教育工作室,臺北市中山區長春路20號8樓,121.523777,25.054857
opening,2026-04-01,2026-04,632564,獨練健身工作室,臺北市文山區萬壽路75巷25號4樓,121.588517,24.986093
opening,2026-04-01,2026-04,632570,日台友好會顧問工作室,臺北市內湖區江南街103號2樓,121.576704,25.076658
opening,2026-04-01,2026-04,632585,木易商行,臺北市大安區羅斯福路3段271號10樓之3,121.530703,25.018587
opening,2026-04-01,2026-04,644013,徠蕎美容工作坊,臺北市中山區中山北路2段45巷7號3樓之3,121.523276,25.054503
opening,2026-04-02,2026-04,591803,多升小吃店,臺北市大安區新生南路1段1號,121.533176,25.044205
opening,2026-04-02,2026-04,632558,犬與喵商行,臺北市士林區大東路14號1樓,121.525301,25.087637
opening,2026-04-02,2026-04,632591,釀沉商貿行,臺北市中山區市民大道3段169號7樓之3,121.540648,25.04481
opening,2026-04-02,2026-04,632608,鮮味堡早午餐坊,臺北市北投區吉利街123巷3號1樓,121.506412,25.118763
opening,2026-04-02,2026-04,632614,羚揚企業社,臺北市信義區林口街52巷19號,121.580175,25.038703
opening,2026-04-02,2026-04,632620,子輝企業社,臺北市大安區復興南路1段293號4樓,121.543859,25.035229
opening,2026-04-02,2026-04,632635,芮昕企業社,臺北市大安區忠孝東路4段162號12樓之3,121.550289,25.041284
opening,2026-04-02,2026-04,632641,樂齡看護企業社,臺北市大同區重慶北路1段30號3樓,121.513555,25.050861
opening,2026-04-02,2026-04,632656,安娜精緻快剪店,臺北市北投區自強街87號1樓,121.51481,25.110758
opening,2026-04-02,2026-04,632662,妹妹服裝行,臺北市信義區永吉路443巷13弄15之1號,121.579068,25.04709
opening,2026-04-02,2026-04,632678,義寓義大利麵小吃店,臺北市文山區興隆路2段244巷36號1樓,121.553642,24.999952
opening,2026-04-02,2026-04,632683,大王球根工作室,臺北市士林區延平北路6段67號2樓,121.508725,25.087952
opening,2026-04-02,2026-04,632699,帶走鮮魚鋪,臺北市大同區延平北路4段97號1樓,121.51098,25.070917
opening,2026-04-02,2026-04,632706,靖心行號,臺北市文山區景華街194號1樓,121.54776,24.998459
opening,2026-04-02,2026-04,633661,爪爸咻贏百貨舖,臺北市中山區德惠街85號,121.528604,25.066739
opening,2026-04-02,2026-04,671947,髮立造型沙龍,臺北市士林區德行東路274號1樓,121.535346,25.109857
opening,2026-04-07,2026-04,607306,豐傑企業社,臺北市南港區南深路31號5樓之3,121.62085,25.037026
opening,2026-04-07,2026-04,632712,佳瑾企業社,臺北市松山區復興北路223號11樓之3,121.544462,25.056823
opening,2026-04-07,2026-04,632728,熊虎家鐵板便當,臺北市信義區松仁路200號1樓,121.568244,25.027349
opening,2026-04-07,2026-04,632733,沐康健康企業社,臺北市松山區健康路233號,121.562883,25.054319
opening,2026-04-07,2026-04,632749,汪來富創意工作室,臺北市大同區重慶北路3段108號1樓,121.513495,25.066914
opening,2026-04-07,2026-04,632754,美漾福德商行,臺北市信義區永吉路30巷79號,121.568864,25.044066
opening,2026-04-07,2026-04,632760,鈴俐企業社,臺北市中山區撫順街2之2號,121.521874,25.063744
opening,2026-04-07,2026-04,632776,九號洋行工作室,臺北市中山區雙城街3巷9號1樓,121.524925,25.063348
opening,2026-04-07,2026-04,632781,云創作工作室,臺北市內湖區行善路111巷37號1樓,121.580203,25.057561
opening,2026-04-07,2026-04,632797,秉凰宸商社,臺北市內湖區碧山里內湖路3段60巷12弄72號3樓之3,121.591246,25.0892
opening,2026-04-07,2026-04,88259073,汀州藥局,臺北市中正區汀州路1段187、189、191號1樓,121.513722,25.026195
opening,2026-04-08,2026-04,632804,萊科光電科技企業社,臺北市松山區民權東路3段144號4樓之7,121.547244,25.061857
opening,2026-04-08,2026-04,632810,啾啾有點甜早午餐,臺北市信義區林口街66巷31號,121.58044,25.039235
opening,2026-04-08,2026-04,632826,沐宜婚禮顧問工作室,臺北市大安區信義路4段210號11樓,121.551914,25.033002
opening,2026-04-08,2026-04,632831,汎錡企業社,臺北市大同區重慶北路2段67號8樓之3,121.514165,25.055741
opening,2026-04-08,2026-04,632847,奧原國際商行,臺北市文山區景興路195號6樓之6,121.544101,24.992089
opening,2026-04-08,2026-04,632852,一拍爵士鼓音樂藝術工作室,臺北市大安區金山南路二段169號1樓,121.526464,25.0288
opening,2026-04-08,2026-04,632868,禾呈日貨商行,臺北市中正區金山北路1號5樓之6,121.530348,25.043935
opening,2026-04-08,2026-04,632874,琳熙工作室,臺北市大同區重慶北路2段74號3樓,121.513686,25.05635
opening,2026-04-08,2026-04,632889,予溫工作室,臺北市大安區信義路4段210號11樓,121.551914,25.033002
opening,2026-04-08,2026-04,632895,羽余寵物美容工作室,臺北市內湖區成功路4段328號,121.59893,25.084869
opening,2026-04-08,2026-04,632902,全福海產行,臺北市中山區敬業三路162巷119號7樓,121.559496,25.079602
opening,2026-04-08,2026-04,632918,城市指彩美學,臺北市中山區撫順街25號9樓之3,121.520318,25.063604
opening,2026-04-08,2026-04,632924,氷塊媒體工作室,臺北市大同區市民大道1段209號12樓,121.51835,25.048893
opening,2026-04-08,2026-04,632939,正好廣告企業社,臺北市大安區敦化南路2段77號19樓之2,121.549317,25.030189
opening,2026-04-08,2026-04,632945,信義興雅祈福社,臺北市信義區基隆路1段172巷1之1號1樓,121.564635,25.043123
opening,2026-04-08,2026-04,632950,我願美甲工作室,臺北市中正區林森北路9巷5號2樓之3,121.524152,25.045774
opening,2026-04-08,2026-04,632966,禾豐服飾,臺北市信義區松山路119巷25號1樓,121.579556,25.047509
opening,2026-04-08,2026-04,632972,鼎匠工程行,臺北市中正區金山北路1號6樓之3,121.530348,25.043935
opening,2026-04-08,2026-04,632987,雨絲咖啡商行,臺北市文山區和興路19號1樓,121.546379,24.985706
opening,2026-04-08,2026-04,632993,芯藝裝潢工程行,臺北市信義區基隆路1段155號5樓之8,121.565336,25.042216
opening,2026-04-08,2026-04,633000,好福寶寶文創工作室,臺北市大安區忠孝東路4段53之6號,121.545434,25.041812
opening,2026-04-08,2026-04,633016,本三設計工作室,臺北市中山區建國北路3段90號1樓,121.534685,25.06649
opening,2026-04-08,2026-04,633022,翰你吃麵店,臺北市內湖區康寧路3段189巷12弄9號,121.612844,25.070118
opening,2026-04-08,2026-04,633037,小橘子團購行,臺北市萬華區漢中街149號1樓,121.50724,25.041647
opening,2026-04-08,2026-04,633043,大龍書報社,臺北市大同區承德路1段105號9樓之3,121.51781,25.052848
opening,2026-04-08,2026-04,26387345,力美冷飲店,臺北市士林區小東街14號,121.526145,25.088864
opening,2026-04-09,2026-04,633058,蔬菜王子商行,臺北市萬華區環河南路2段245號地下1樓69號攤位,121.489814,25.02989
opening,2026-04-09,2026-04,633064,大名商行,臺北市內湖區江南街97號1樓,121.5768,25.07672
opening,2026-04-09,2026-04,633070,竣曜工程行,臺北市大同區民權西路268號3樓,121.512068,25.062736
opening,2026-04-09,2026-04,633085,鳥巢舞蹈工作室,臺北市文山區景興路193號1樓,121.54441,24.992228
opening,2026-04-09,2026-04,633091,口羊口羊企業社,臺北市北投區尊賢街264巷3號4樓,121.507309,25.117519
opening,2026-04-09,2026-04,633108,吾潤視覺工作室,臺北市中山區松江路402巷7弄8號2樓,121.532557,25.064375
opening,2026-04-09,2026-04,633114,陳莊食品行,臺北市中山區伊通街121號,121.534932,25.053871
opening,2026-04-09,2026-04,633120,浩宇商行,臺北市中正區忠孝東路1段152號10樓之5,121.52592,25.04398
opening,2026-04-09,2026-04,633135,彬怡餐廳,臺北市中山區中山北路一段121巷6之1號1樓,121.522954,25.05121
opening,2026-04-09,2026-04,633141,狂潮國際車業,臺北市松山區南京東路4段164號11樓之1,121.556691,25.051375
opening,2026-04-09,2026-04,633156,厚安禮儀社,臺北市信義區基隆路2段33號4樓之2,121.558852,25.031334
opening,2026-04-09,2026-04,633162,泰聚豐商行,臺北市內湖區內湖路1段285巷65弄4號1樓,121.567139,25.084596
opening,2026-04-09,2026-04,633178,鑫聚寶閣運動彩券行,臺北市士林區延平北路六段131號1樓,121.50792,25.088902
opening,2026-04-09,2026-04,633183,彥吉朱氏卉社,臺北市中山區合江街105號,121.539309,25.059809
opening,2026-04-09,2026-04,633199,羽之旋境坊,臺北市信義區基隆路1段143號3樓之3,121.565797,25.042902
opening,2026-04-09,2026-04,633206,逐格設計社,臺北市信義區吳興街125號4樓,121.561572,25.02972
opening,2026-04-09,2026-04,633212,予安商行,臺北市中山區長安西路40巷6弄4號,121.5201,25.049533
opening,2026-04-09,2026-04,633228,知選商行,臺北市中山區復興北路228號10樓之1,121.543479,25.057009
opening,2026-04-09,2026-04,633233,王子長琴商行,臺北市信義區信義路6段90號1樓,121.577423,25.035596
opening,2026-04-09,2026-04,42457402,巨蛋通工作室,臺北市松山區南京東路4段53巷3弄5號1樓,121.550831,25.05228
opening,2026-04-10,2026-04,598518,貳二十食社,臺北市中山區興安街40號1樓,121.538766,25.056056
opening,2026-04-10,2026-04,633249,西寧惡鄰商行,臺北市萬華區西寧南路50巷7號,121.505748,25.04443
opening,2026-04-10,2026-04,633254,宇彤養生館,臺北市中山區林森北路85巷18號1樓,121.525499,25.04962
opening,2026-04-10,2026-04,633276,瑞鼎企業社,臺北市大安區忠孝東路4段290號10樓,121.555868,25.041162
opening,2026-04-10,2026-04,633281,保陞工程行,臺北市北投區致遠一路二段40巷1弄5號3樓,121.514166,25.111991
opening,2026-04-10,2026-04,633297,尚潮顧問國際企業社,臺北市大安區大安路1段224巷11號,121.545368,25.034013
opening,2026-04-10,2026-04,633304,安倫商行,臺北市大安區臨江街137號1樓,121.553436,25.030481
opening,2026-04-10,2026-04,633310,亮境工程行,臺北市松山區八德路4段656號4樓,121.57543,25.049854
opening,2026-04-10,2026-04,633326,麗升自助餐店,臺北市松山區民生東路5段212巷1之2號1樓,121.565023,25.05856
opening,2026-04-10,2026-04,633331,新萬宜企業社,臺北市萬華區莒光路233號1樓,121.501002,25.031054
opening,2026-04-10,2026-04,633347,祥順企業社,臺北市中山區民權東路2段71巷16號,121.531604,25.063666
opening,2026-04-10,2026-04,633352,億連發彩券行,臺北市大安區通化街163號,121.553828,25.028511
opening,2026-04-10,2026-04,633368,久鼎商行,臺北市中正區忠孝東路1段152號12樓之5,121.52592,25.04398
opening,2026-04-10,2026-04,633374,舒眼繪夢工作室,臺北市中山區雙城街28巷1號7樓之2,121.523878,25.065928
opening,2026-04-10,2026-04,633389,毛芙美學工作室,臺北市中正區林森北路9巷5號2樓之3,121.524152,25.045774
opening,2026-04-10,2026-04,633395,馨悅男女養生會館,臺北市中山區吉林路294號1樓及2樓,121.53015,25.061142
opening,2026-04-10,2026-04,633402,銘靜富藝工作室,臺北市大安區忠孝東路四段233號8樓之10,121.553608,25.041654
opening,2026-04-10,2026-04,633418,飛吧數位工作室,臺北市松山區基隆路1段8號13樓,121.569933,25.050764
opening,2026-04-10,2026-04,665993,晉綸商行,臺北市萬華區環河南路1段116號,121.504474,25.04737
opening,2026-04-10,2026-04,88348441,竹香小館,臺北市北投區光明路2巷13之5號1樓,121.499752,25.131263
opening,2026-04-13,2026-04,579723,粥日商行,臺北市萬華區永福街29號1樓,121.505067,25.038345
opening,2026-04-13,2026-04,581896,愛國藥局,臺北市中正區延平南路210號1樓,121.507469,25.034763
opening,2026-04-13,2026-04,633260,家禾科技企業社,臺北市大安區信義路4段1號2樓,121.543915,25.033566
opening,2026-04-13,2026-04,633439,越香越南料理,臺北市中山區龍江路21巷22號1樓,121.541518,25.04772
opening,2026-04-13,2026-04,633445,言鑫科技企業社,臺北市南港區福德街339巷5弄12號1樓,121.589471,25.038416
opening,2026-04-13,2026-04,633450,溡宇企業社,臺北市大同區承德路三段159巷1號,121.518838,25.068107
opening,2026-04-13,2026-04,633466,駟禧商行,臺北市中山區伊通街127之3號,121.53493,25.054205
opening,2026-04-13,2026-04,633472,喬裕居家水電工程行,臺北市松山區南京東路5段291巷5弄10號,121.566613,25.051893
opening,2026-04-13,2026-04,633487,可能性創意工作室,臺北市大同區民權西路268號3樓,121.512068,25.062736
opening,2026-04-13,2026-04,633493,翔美生活社,臺北市大同區長安西路290號1樓,121.512688,25.051808
opening,2026-04-13,2026-04,633509,吉欣運動彩券行,臺北市士林區天母西路57號,121.526638,25.118556
opening,2026-04-13,2026-04,633515,唯亞美髮沙龍,臺北市士林區天母東路8巷92號1樓,121.53022,25.1145
opening,2026-04-13,2026-04,633521,昭元科技企業社,臺北市信義區忠孝東路5段482號5樓之1,121.577997,25.040597
opening,2026-04-13,2026-04,633536,漂亮水男孩攝影工作室,臺北市中正區杭州南路一段27號9樓,121.526381,25.041985
opening,2026-04-13,2026-04,633542,摩伊商行,臺北市中正區中正區仁愛路2段25號5樓,121.5269731,25.0394607
opening,2026-04-13,2026-04,633557,隱性宅個人工作室,臺北市中山區新生北路1段11號1樓,121.532345,25.046343
opening,2026-04-13,2026-04,633563,弘祥電器行,臺北市內湖區成功路3段174巷33弄10號3樓,121.590839,25.081893
opening,2026-04-13,2026-04,26333361,柚子早餐屋,臺北市大同區民權西路238號,121.512876,25.062781
opening,2026-04-14,2026-04,633424,昀域企業社,臺北市中山區錦州街46號12樓之2,121.525783,25.060174
opening,2026-04-14,2026-04,633579,時溯美學企業社,臺北市大同區至聖里酒泉街76號2樓之1,121.51499,25.071909
opening,2026-04-14,2026-04,633584,毛毛雨數位傳媒工作室,臺北市士林區後港街139號1樓,121.521674,25.086808
opening,2026-04-14,2026-04,633590,金鑫旺運彩行,臺北市中山區松江路32號,121.532734,25.04744
opening,2026-04-14,2026-04,633607,寶慶商行,臺北市內湖區瑞光路289號1樓,121.576434,25.075595
opening,2026-04-14,2026-04,633613,全馬力商行,臺北市信義區忠孝東路5段1之8號11樓,121.565175,25.041293
opening,2026-04-14,2026-04,633629,嬅欣時尚美學,臺北市文山區木柵路3段85巷23弄22號4樓,121.568363,24.989684
opening,2026-04-14,2026-04,633634,貳木商行,臺北市信義區中坡南路30號,121.583003,25.043151
opening,2026-04-14,2026-04,633640,剛好是家花店,臺北市大同區承德路3段150之2號1樓,121.518142,25.068052
opening,2026-04-14,2026-04,633677,匠香食坊,臺北市大同區西寧北路31號,121.508768,25.053125
opening,2026-04-14,2026-04,633682,延香坊,臺北市萬華區成都路27巷27號1樓,121.506911,25.043296
opening,2026-04-14,2026-04,633698,御品美容會館,臺北市松山區八德路4段189號1樓,121.563489,25.048881
opening,2026-04-14,2026-04,633705,狗狗瑜伽共好工作室,臺北市萬華區中華路1段182號10樓之3,121.506925,25.038924
opening,2026-04-14,2026-04,634676,富鵬商行,臺北市內湖區康樂街65號,121.618435,25.068614
opening,2026-04-14,2026-04,667248,茶足樂工作室,臺北市內湖區成功路2段250巷5號1樓,121.590036,25.066164
opening,2026-04-14,2026-04,93161711,吉林藥局,臺北市中山區吉林路371號1樓,121.530484,25.06511
opening,2026-04-15,2026-04,633711,昌吉商行,臺北市大同區昌吉街112號1樓,121.514712,25.065823
opening,2026-04-15,2026-04,633727,巷日雞肉飯便當,臺北市中山區中山北路1段121巷11號,121.523624,25.051151
opening,2026-04-15,2026-04,633732,醇旺商行,臺北市大安區基隆路3段20之1號1樓,121.547346,25.020008
opening,2026-04-15,2026-04,633748,野事可以工作室,臺北市大安區復興南路1段283號5樓之1,121.543856,25.035496
opening,2026-04-15,2026-04,633753,吃堡飽企業社,臺北市南港區成福路92號1樓,121.586622,25.043296
opening,2026-04-15,2026-04,633769,凰晁企業社,臺北市萬華區和平西路3段311號5樓,121.493255,25.035608
opening,2026-04-15,2026-04,633775,翔順工程行,臺北市士林區福港街7巷12號1樓,121.518452,25.091584
opening,2026-04-15,2026-04,633780,古月愛睡覺商行,臺北市大同區酒泉街10巷15號1樓,121.519734,25.070309
opening,2026-04-15,2026-04,633796,彩曜工程行,臺北市文山區羅斯福路5段218巷7號1樓,121.538293,25.002027
opening,2026-04-15,2026-04,633803,溫所行銷顧問社,臺北市中山區錦州街46號12樓之2,121.525783,25.060174
opening,2026-04-15,2026-04,633819,豆花日嚐甜品店,臺北市文山區新光路一段138號1樓,121.573513,24.992227
opening,2026-04-15,2026-04,633825,鳳來儀商行,臺北市大安區大安路2段158號1樓,121.545899,25.028891
opening,2026-04-15,2026-04,633830,流藝巨嗓藝術工作室,臺北市士林區大北路111號2樓,121.523943,25.090432
opening,2026-04-15,2026-04,633846,誠心商行,臺北市內湖區江南街95號1樓,121.576865,25.076761
opening,2026-04-15,2026-04,633851,幸運王彩券行,臺北市大安區忠孝東路4段216巷23號1樓,121.553062,25.040064
opening,2026-04-15,2026-04,633867,功夫涼麵,臺北市信義區福德街101號1樓,121.581899,25.037146
opening,2026-04-15,2026-04,633873,品山設計工作室,臺北市內湖區瑞光路168號9樓,121.57865,25.07391
opening,2026-04-15,2026-04,633888,笙歌國際商行,臺北市松山區延壽街402巷3弄19號地下樓,121.558179,25.055834
opening,2026-04-15,2026-04,633894,奧璃肌膚管理工作室,臺北市中正區羅斯福路3段316巷20號5樓,121.532241,25.015366
opening,2026-04-15,2026-04,661856,芙耳工作室,臺北市內湖區麗山街393巷1號,121.572581,25.081779
opening,2026-04-15,2026-04,671897,宅急通企業社,臺北市信義區基隆路1段143號11樓之3,121.565797,25.042902
opening,2026-04-15,2026-04,92643640,安慕工作室,臺北市信義區和平東路3段341巷49號1樓,121.558331,25.021588
opening,2026-04-16,2026-04,633901,傳寓系統傢俱工程行,臺北市中山區民權東路2段206號5樓之2,121.53651,25.062204
opening,2026-04-16,2026-04,633917,沙沙的咖啡空間工作室,臺北市松山區八德路4段295巷18弄4號1樓,121.566087,25.049531
opening,2026-04-16,2026-04,633923,轉向單車店,臺北市松山區復興北路465號1樓,121.54447,25.064457
opening,2026-04-16,2026-04,633938,鑫耀車業行,臺北市士林區前港街114號,121.518231,25.085141
opening,2026-04-16,2026-04,633959,糖咪企業社,臺北市信義區福德街300巷2號1樓,121.587097,25.039356
opening,2026-04-16,2026-04,633965,雪寧企業社,臺北市信義區福德街300巷10號1樓,121.587017,25.03968
opening,2026-04-16,2026-04,633971,詠棠企業社,臺北市信義區福德街300巷2號1樓,121.587097,25.039356
opening,2026-04-16,2026-04,633986,金速喜除毛店,臺北市中山區中山北路一段121巷17號3樓,121.523951,25.051079
opening,2026-04-16,2026-04,633992,陳士璧藝術工作室,臺北市信義區基隆路1段17號10樓,121.569188,25.048655
opening,2026-04-16,2026-04,634009,狐月狐火食堂,臺北市文山區羅斯福路5段150巷59號,121.537807,25.007425
opening,2026-04-16,2026-04,634015,易洗企業社,臺北市文山區秀明路2段112巷18號1樓,121.575778,24.990645
opening,2026-04-16,2026-04,634021,金驫商行,臺北市大同區華亭街57號1樓,121.513197,25.053661
opening,2026-04-16,2026-04,634036,芯曜媒體工作室,臺北市中山區松江路50號9樓,121.532742,25.048245
opening,2026-04-16,2026-04,634042,雪度餐酒館,臺北市中山區林森北路145巷36號1樓,121.526338,25.051151
opening,2026-04-16,2026-04,634057,沐妍美睫工作室,臺北市大安區忠孝東路4段177號6樓之3,121.550647,25.041698
opening,2026-04-16,2026-04,634063,群鑽精緻美甲工作室,臺北市大安區忠孝東路4段177號6樓之3,121.550647,25.041698
opening,2026-04-16,2026-04,31831114,馬尼服飾行,臺北市信義區虎林街57之13號1樓,121.577208,25.046814
opening,2026-04-17,2026-04,534352,東湖藥局,臺北市內湖區東湖路43巷2號1樓,121.614148,25.069088
opening,2026-04-17,2026-04,634079,哥吉拉服飾店,臺北市信義區永吉路491巷7弄43號,121.579967,25.046378
opening,2026-04-17,2026-04,634084,淨思企業社,臺北市內湖區港華街85巷12號3樓,121.574402,25.083956
opening,2026-04-17,2026-04,634090,嘉紡企業社,臺北市大同區延平北路1段106號8樓,121.511714,25.052693
opening,2026-04-17,2026-04,634107,歐拉食坊,臺北市內湖區成功路3段179號1樓,121.590575,25.080166
opening,2026-04-17,2026-04,634113,元戶企業社,臺北市文山區興隆路4段109巷4號,121.561246,24.98654
opening,2026-04-17,2026-04,634129,甲霸食堂,臺北市文山區忠順街2段25號1樓,121.563141,24.984821
opening,2026-04-17,2026-04,634134,鈞睿企業社,臺北市大安區忠孝東路4段162號12樓之3,121.550289,25.041284
opening,2026-04-17,2026-04,634140,逸豐商行,臺北市萬華區貴陽街2段84號,121.503686,25.039747
opening,2026-04-17,2026-04,634155,日光醫療器材行,臺北市北投區清江路25巷5號1樓,121.502208,25.131584
opening,2026-04-17,2026-04,634161,新微笑美髮沙龍,臺北市萬華區內江街62號2樓,121.504992,25.041492
opening,2026-04-17,2026-04,634177,宗熊炸物坊,臺北市內湖區環山路1段124號,121.56854,25.08653
opening,2026-04-17,2026-04,634182,東旺科技企業社,臺北市大安區延吉街153之10號地下,121.554954,25.040023
opening,2026-04-17,2026-04,634198,食光飽飽小吃部,臺北市士林區至誠路2段27號1樓,121.529567,25.101886
opening,2026-04-17,2026-04,634205,台北松信西莎洗衣店,臺北市信義區松信路73號1樓,121.572263,25.046303
opening,2026-04-17,2026-04,634211,苔玩廊生態瓶微景觀所,臺北市內湖區內湖路1段285巷27弄11號,121.567398,25.083247
opening,2026-04-17,2026-04,634227,炑序創映工作室,臺北市中山區復興北路48號7樓,121.54376,25.049537
opening,2026-04-17,2026-04,634232,提普西花店,臺北市士林區福國路100號4樓之1,121.52181,25.102616
opening,2026-04-17,2026-04,634248,宇鏈科技企業社,臺北市松山區南京東路5段188號6樓之5,121.563747,25.051213
opening,2026-04-17,2026-04,665207,三味越泰料理店,臺北市中山區林森北路107巷62號1樓,121.526998,25.049799
opening,2026-04-17,2026-04,671643,台茂自助洗車坊,臺北市中正區忠孝東路2段80號3樓,121.529011,25.043156
opening,2026-04-17,2026-04,93167617,草木森林工作室,臺北市萬華區東園街30號8樓之2,121.495715,25.027099
opening,2026-04-20,2026-04,634269,聖忠工程行,臺北市中正區牯嶺街93號12樓,121.519052,25.026181
opening,2026-04-20,2026-04,634275,小雅食堂,臺北市大同區酒泉街33號1樓,121.519099,25.070727
opening,2026-04-20,2026-04,634280,極限扭力企業社,臺北市大安區黎孝里安居街8巷6弄2號1樓,121.554672,25.021431
opening,2026-04-20,2026-04,634296,芳果舖禮品社,臺北市中山區建國北路3段90號1樓,121.534685,25.06649
opening,2026-04-20,2026-04,634303,貼心暖居工作室,臺北市內湖區民權東路六段180巷6號4樓,121.592648,25.068196
opening,2026-04-20,2026-04,634319,蕎合工作室,臺北市中山區民權東路2段45號2樓,121.530578,25.062756
opening,2026-04-20,2026-04,634325,龍亨工程行,臺北市信義區基隆路一段155號7樓,121.565336,25.042216
opening,2026-04-20,2026-04,634330,金牌行銷館,臺北市萬華區峨嵋街30號1樓,121.5066153,25.0443649
opening,2026-04-20,2026-04,634351,喬峵玻璃行,臺北市大安區瑞安街244巷27號1樓,121.539518,25.027509
opening,2026-04-20,2026-04,634367,傑暘企業社,臺北市北投區東華街1段400巷10號1樓,121.518728,25.110806
opening,2026-04-20,2026-04,650056,辣辣夾企業社,臺北市萬華區萬大路486巷12號1樓,121.496917,25.020001
opening,2026-04-20,2026-04,662454,貳零壹工作室,臺北市萬華區貴陽街114巷23號1樓,121.502739,25.039269
opening,2026-04-20,2026-04,77207107,沛馨小吃店,臺北市信義區大道路5號1樓,121.581491,25.042728
opening,2026-04-21,2026-04,634253,享時咖啡坊,臺北市松山區南京東路5段163之13號1樓,121.56258,25.051649
opening,2026-04-21,2026-04,634373,西弟健康小舖,臺北市大同區重慶北路2段225號11樓之2,121.513724,25.061696
opening,2026-04-21,2026-04,634388,浩庭室內設計,臺北市松山區南京東路4段171號2樓之3,121.556321,25.051772
opening,2026-04-21,2026-04,634394,裕宏車業,臺北市內湖區環山路一段94號,121.567622,25.086511
opening,2026-04-21,2026-04,634401,義元洗衣店,臺北市文山區萬安街37巷1號,121.570865,25.000454
opening,2026-04-21,2026-04,634417,沅香小館,臺北市文山區興隆路4段106號,121.562034,24.983166
opening,2026-04-21,2026-04,634423,蒔蘿蔬食,臺北市北投區珠海路23號1樓,121.502138,25.137998
opening,2026-04-21,2026-04,634438,壹貳參烘焙坊,臺北市信義區松山路463號,121.578006,25.039638
opening,2026-04-21,2026-04,634459,一層設計工作室,臺北市中山區長安東路2段162號7樓,121.539353,25.04824
opening,2026-04-21,2026-04,634465,舀舀工作室,臺北市文山區試院路154巷2弄9號6樓之1,121.547066,24.990884
opening,2026-04-21,2026-04,634471,光復青島饅頭坊,臺北市中正區青島東路3之4號,121.521817,25.044
opening,2026-04-21,2026-04,634486,馬上贏運動彩券行,臺北市中山區錦州街202號1樓,121.530921,25.060317
opening,2026-04-21,2026-04,634492,默旭企業社,臺北市信義區崇德街7號1樓,121.553304,25.024411
opening,2026-04-21,2026-04,634508,大興二手家電維修行,臺北市北投區中央北路1段146號1樓,121.498864,25.135484
opening,2026-04-21,2026-04,634514,維新企業社,臺北市文山區興隆路1段143號,121.542295,25.001822
opening,2026-04-21,2026-04,634520,肆方聚商行,臺北市中山區長安東路2段171號1樓,121.541684,25.048401
opening,2026-04-21,2026-04,634535,惟誠系統整合工作室,臺北市大安區大安路一段191號6樓之1,121.546099,25.035768
opening,2026-04-21,2026-04,634541,花序語企業社,臺北市中山區長春路154之5號2樓,121.531972,25.054732
opening,2026-04-21,2026-04,634556,龍辰羽企業社,臺北市中正區館前路20號5樓,121.514903,25.045269
opening,2026-04-21,2026-04,634562,昇溢通企業社,臺北市松山區民權東路3段142號12樓之2,121.546856,25.061723
opening,2026-04-21,2026-04,647969,奇美髮藝男女剪髮,臺北市士林區文林路469號,121.524297,25.09587
opening,2026-04-21,2026-04,674326,庭而美蔬食早午餐,臺北市萬華區東園街28巷50之13號1樓,121.494493,25.026692
opening,2026-04-21,2026-04,88319874,劍潭藥局,臺北市士林區劍潭路55巷22號1樓,121.521431,25.084565
opening,2026-04-22,2026-04,634578,霜寅企業社,臺北市內湖區康寧路3段189巷10號1樓,121.612459,25.07015
opening,2026-04-22,2026-04,634583,雞椰爺椰子雞鍋物料理餐館,臺北市北投區中央北路4段532號1樓,121.467903,25.128382
opening,2026-04-22,2026-04,634599,吳惠美企業社,臺北市中山區復興北路2號8樓之8,121.543715,25.047768
opening,2026-04-22,2026-04,634606,樂耕音樂個人工作室,臺北市大安區樂業街159巷22號6樓,121.554396,25.020019
opening,2026-04-22,2026-04,634612,昆景工程行,臺北市士林區德行東路137號3樓,121.52931,25.108127
opening,2026-04-22,2026-04,634628,雨田青鳥商行,臺北市松山區民生東路3段130巷14號,121.546136,25.056639
opening,2026-04-22,2026-04,634633,嘉寶商行,臺北市信義區吳興街284巷24弄1之1號1樓,121.563513,25.024421
opening,2026-04-22,2026-04,634649,素蓮安心肉品商行,臺北市松山區延吉街7之2號,121.553499,25.047423
opening,2026-04-22,2026-04,634654,派植花室,臺北市內湖區成功路4段192號13樓之8,121.593763,25.084381
opening,2026-04-22,2026-04,634660,健新工作室,臺北市信義區忠孝東路5段370號4樓,121.573946,25.040752
opening,2026-04-22,2026-04,634681,合家小吃店,臺北市內湖區康寜路1段80號1樓,121.5926599,25.08074693
opening,2026-04-22,2026-04,634697,競赫創意工作室,臺北市中山區南京東路2段132號8樓,121.533659,25.051838
opening,2026-04-22,2026-04,634704,義二商行,臺北市大安區瑞安街45號1樓,121.543037,25.029707
opening,2026-04-22,2026-04,634710,喜拿美髮沙龍工作室,臺北市松山區南京東路3段256巷22號1樓,121.544766,25.050501
opening,2026-04-22,2026-04,634726,蘊尼工作室,臺北市中山區民權西路20號2樓,121.521801,25.062601
opening,2026-04-23,2026-04,634731,柏欣商行,臺北市萬華區興義街61號1樓,121.491345,25.026226
opening,2026-04-23,2026-04,634747,維境皮拉提斯工作室,臺北市大安區和平東路1段75巷2之1號1樓,121.525017,25.027277
opening,2026-04-23,2026-04,634752,翎感設計室,臺北市中山區中山北路1段140巷13號3樓,121.521545,25.051515
opening,2026-04-23,2026-04,634774,米利昂商行,臺北市中正區懷寧街16號1樓,121.514112,25.04575
opening,2026-04-23,2026-04,634789,合宜小吃店,臺北市中山區雙城街16號1樓,121.524207,25.065208
opening,2026-04-23,2026-04,634795,日花髮所美學社,臺北市士林區大東路72號1樓,121.525662,25.090311
opening,2026-04-23,2026-04,634802,沅賀商行,臺北市中正區和平西路1段14號,121.52146,25.026751
opening,2026-04-23,2026-04,634818,哲鳴便當店,臺北市松山區南京東路4段133巷6弄1號1樓,121.555007,25.052596
opening,2026-04-23,2026-04,634824,佶仕商行,臺北市松山區南京東路5段188號3樓之2,121.563747,25.051213
opening,2026-04-23,2026-04,634839,友蓉寵物澡堂,臺北市信義區吳興街482號1樓,121.56946,25.023482
opening,2026-04-23,2026-04,671593,康樂藥局,臺北市內湖區康樂街72巷2號1樓,121.618481,25.069395
opening,2026-04-24,2026-04,634845,名颺企業社,臺北市中正區杭州南路1段63之3號１樓,121.525916,25.040406
opening,2026-04-24,2026-04,634850,時嶼企業社,臺北市中正區衡陽路10號7樓,121.513623,25.042228
opening,2026-04-24,2026-04,634866,佇處工作室,臺北市文山區景文街42號3樓,121.54123,24.991716
opening,2026-04-24,2026-04,634872,雪承冰坊商行,臺北市內湖區東湖路43巷21號,121.613647,25.069697
opening,2026-04-24,2026-04,634887,銓欣清潔社,臺北市文山區景興路193號5樓,121.54441,24.992228
opening,2026-04-24,2026-04,634893,空間指標髮藝,臺北市信義區忠孝東路5段71巷11弄5號,121.567625,25.042047
opening,2026-04-24,2026-04,634900,驚喜商行,臺北市信義區永吉路443巷13弄21號1樓,121.579303,25.047084
opening,2026-04-24,2026-04,634916,來來台灣小吃店,臺北市中山區民生東路1段39號1樓,121.525902,25.058191
opening,2026-04-24,2026-04,634922,尬電運動企業社,臺北市大安區復興南路1段390號8樓之1,121.543381,25.033722
opening,2026-04-24,2026-04,634937,搖滾鳥力量訓練企業社,臺北市中山區大直街106號,121.548078,25.084299
opening,2026-04-24,2026-04,634943,杰出風格東山鴨頭店,臺北市內湖區東湖路43巷18之3號,121.61377,25.069754
opening,2026-04-24,2026-04,634958,髮現幸福工作室,臺北市大同區重慶北路3段243巷7號1樓,121.514411,25.071311
opening,2026-04-24,2026-04,634964,秀穎餐酒館,臺北市中山區林森北路119巷58號1樓,121.526998,25.05025
opening,2026-04-24,2026-04,634970,沐源商行,臺北市內湖區東湖路33巷24號1樓,121.613058,25.069773
opening,2026-04-24,2026-04,634985,筱承食光小吃部,臺北市士林區永平街16號1樓,121.505285,25.089925
opening,2026-04-24,2026-04,634991,悅之境工作室,臺北市大安區東豐街58號,121.54746,25.035928
opening,2026-04-24,2026-04,635008,軟眠眠娃娃製造所,臺北市大安區安和路2段7號8樓之1,121.552632,25.032765
opening,2026-04-24,2026-04,635014,金香雞排,臺北市內湖區江南街25號1樓,121.578455,25.078066
opening,2026-04-24,2026-04,635020,溫塔商行,臺北市北投區承德路7段34號2樓之1,121.511155,25.111184
opening,2026-04-24,2026-04,635035,基石工藝工程行,臺北市北投區中央北路4段577巷15弄5號1樓,121.467339,25.126982
opening,2026-04-24,2026-04,635041,詠烽商行,臺北市大安區復興南路1段352號2樓之3,121.543392,25.03562
opening,2026-04-24,2026-04,635056,沐蓁企業社,臺北市松山區寧安街7巷1號1樓,121.554582,25.049543
opening,2026-04-24,2026-04,635062,余白咖啡所,臺北市文山區試院路58號1樓,121.549294,24.989515
opening,2026-04-24,2026-04,635078,采毅企業商行,臺北市松山區南京東路5段223號5樓,121.564471,25.051597
opening,2026-04-24,2026-04,635083,光訊科技企業社,臺北市信義區和平東路3段435巷11號1樓,121.558903,25.019455
opening,2026-04-24,2026-04,635099,青色筆記行,臺北市大安區富陽街147號2樓,121.55699,25.018219
opening,2026-04-24,2026-04,635106,莉芸修指甲工作室,臺北市北投區實踐街48巷9號,121.509306,25.114684
opening,2026-04-24,2026-04,635112,羽聲文創商行,臺北市中山區南京東路二段150號5樓,121.534199,25.051833
opening,2026-04-24,2026-04,88277282,市政藥局,臺北市信義區忠孝東路5段169號1樓、171號1樓,121.56881,25.041198
opening,2026-04-27,2026-04,575629,廟口店,臺北市松山區饒河街139號1樓,121.574765,25.050495
opening,2026-04-27,2026-04,600985,難敢店,臺北市松山區饒河街154號1樓,121.575656,25.050483
opening,2026-04-27,2026-04,635128,群果文化企業社,臺北市大同區西寧北路87號之1 1樓,121.509097,25.056462
opening,2026-04-27,2026-04,635133,昀辰企業社,臺北市大安區信義路4段279號8樓,121.554714,25.033344
opening,2026-04-27,2026-04,635149,谷富飽企業社,臺北市松山區八德路3段74巷10號,121.552477,25.047744
opening,2026-04-27,2026-04,635154,結伊果工作室,臺北市內湖區民權東路6段180巷6號10樓之11,121.592648,25.068196
opening,2026-04-27,2026-04,635160,昇易秦味食堂,臺北市中正區博愛路158號,121.511387,25.041813
opening,2026-04-27,2026-04,635176,文華健康休閒館,臺北市萬華區長沙街2段70號1樓,121.505419,25.040489
opening,2026-04-27,2026-04,635181,爍弘商行,臺北市大安區忠孝東路4段169號11樓之4,121.550421,25.041705
opening,2026-04-27,2026-04,635197,武欣金工藝社,臺北市中山區龍江路356巷85號,121.537582,25.066123
opening,2026-04-27,2026-04,635204,鐵火甜心燒烤鋪,臺北市北投區中央南路1段18號1樓,121.501391,25.132781
opening,2026-04-27,2026-04,635210,沐禾企業社,臺北市中山區撫順街25號5樓之2,121.520318,25.063604
opening,2026-04-27,2026-04,635226,增力企業社,臺北市中正區臨沂街3巷11號1樓,121.531526,25.043348
opening,2026-04-27,2026-04,635231,吾嶼茶飲企業社,臺北市內湖區洲子街100號1樓,121.570639,25.080031
opening,2026-04-27,2026-04,635247,泰鮮企業社,臺北市中山區林森北路346號2樓,121.525369,25.056947
opening,2026-04-27,2026-04,635252,沐集客科技商行,臺北市士林區大南路345號4樓之3,121.516732,25.088673
opening,2026-04-27,2026-04,645842,玖壹河商號,臺北市南港區忠孝東路六段424號1樓,121.593202,25.050079
opening,2026-04-27,2026-04,650041,小黑越式料理,臺北市萬華區梧州街25號,121.49773,25.03772
opening,2026-04-27,2026-04,674445,西瓜美甲工作室,臺北市松山區敦化南路1段57號4樓之8,121.549265,25.04578
opening,2026-04-27,2026-04,680967,通化巷口無名麵店,臺北市大安區通化街39巷50弄3號,121.555528,25.030736
opening,2026-04-28,2026-04,634768,漆序塗裝工程行,臺北市北投區開明街23巷2號1樓,121.501121,25.141888
opening,2026-04-28,2026-04,635268,凱鑫室內裝潢工程行,臺北市中山區南京東路1段86號7樓之3,121.525617,25.051918
opening,2026-04-28,2026-04,635274,陳宥瑜工作室,臺北市士林區承德路4段12巷39號1樓,121.520169,25.080711
opening,2026-04-28,2026-04,635289,墨沐運動坊,臺北市萬華區長沙街2段151號地下一層,121.502655,25.040593
opening,2026-04-28,2026-04,635295,立直桌遊社,臺北市萬華區武昌街2段83之10號2樓,121.50503,25.045673
opening,2026-04-28,2026-04,635302,亮吟藝術工作室,臺北市內湖區成功路5段424號,121.607431,25.07542
opening,2026-04-28,2026-04,635318,喜多飲食店,臺北市大同區昌吉街124號,121.514376,25.065846
opening,2026-04-28,2026-04,635324,優米美學工作室,臺北市內湖區新明路460巷14號1樓,121.578503,25.054047
opening,2026-04-28,2026-04,635339,枋橋快餐商行,臺北市大同區延平北路3段18巷42之1號4樓,121.509747,25.063845
opening,2026-04-28,2026-04,635345,碳吾吉日式燒鳥商行,臺北市大安區通化街145號1樓,121.553923,25.028832
opening,2026-04-28,2026-04,635350,樂勳小吃店,臺北市信義區莊敬路334號,121.563774,25.027857
opening,2026-04-28,2026-04,635366,日日好食商行,臺北市中山區合江街74號1樓,121.539072,25.057027
opening,2026-04-28,2026-04,635372,木光拾影行,臺北市大同區承德路3段8巷20號4樓,121.516503,25.063642
opening,2026-04-28,2026-04,635387,呀頭早午餐,臺北市松山區民生東路3段127巷10號1樓,121.547407,25.058827
opening,2026-04-28,2026-04,635393,三多堂企業社,臺北市松山區八德路4段699號5樓之3,121.576644,25.050207
opening,2026-04-28,2026-04,635400,江楠藥局,臺北市內湖區港墘里江南街37號1樓,121.578138,25.077857
opening,2026-04-28,2026-04,635416,好瓜張商行,臺北市萬華區寶興街80巷1之3號4樓,121.494127,25.025621
opening,2026-04-28,2026-04,635422,唭哩岸文化工作室,臺北市北投區裕民六路120號4樓,121.517636,25.11456
opening,2026-04-28,2026-04,635437,藍莓奶酪日系小舖,臺北市大安區安和路2段7號8樓之1,121.552632,25.032765
opening,2026-04-28,2026-04,635443,顏金蘭企業社,臺北市中山區復興北路2號8樓之9,121.543715,25.047768
opening,2026-04-28,2026-04,635458,芋粿巧企業社,臺北市文山區興隆路3段55號2樓,121.556038,25.000328
opening,2026-04-29,2026-04,635464,心扉工作室,臺北市中山區民生東路2段83之4號,121.530719,25.058202
opening,2026-04-29,2026-04,635470,肆友日常工作室,臺北市中正區開封街1段105號2樓之6,121.510152,25.046022
opening,2026-04-29,2026-04,635485,滾滾冰菓室,臺北市大同區西寧北路83之3號1樓,121.509088,25.056198
opening,2026-04-29,2026-04,635491,煦煦如生影像空間工作室,臺北市萬華區中華路1段18巷25號地下,121.508444,25.047501
opening,2026-04-29,2026-04,635507,尹銓工作室,臺北市大同區昌吉街33巷9號,121.517195,25.066226
opening,2026-04-29,2026-04,635513,恩福商行,臺北市大同區重慶北路2段74號8樓,121.513686,25.05635
opening,2026-04-29,2026-04,635529,莯澄工程行,臺北市內湖區內湖路1段115號4樓,121.562048,25.084223
opening,2026-04-29,2026-04,635534,易境紋聲企業社,臺北市中山區松江路259巷23號3樓,121.534415,25.059607
opening,2026-04-29,2026-04,635540,秋葉餐館,臺北市北投區石牌路2段90巷18之1號1樓,121.517112,25.117045
opening,2026-04-29,2026-04,635555,再來一塊企業社,臺北市萬華區峨眉街49號1樓,121.506805,25.043614
opening,2026-04-29,2026-04,635561,瑋威湯包商行,臺北市中正區中山北路1段4號1樓,121.51953,25.046078
opening,2026-04-29,2026-04,635582,無休職出印刷所,臺北市內湖區石潭路27號11樓之5,121.586063,25.06285
opening,2026-04-29,2026-04,635598,米琪服飾行,臺北市信義區永吉路443巷3弄16號,121.578597,25.045923
opening,2026-04-29,2026-04,635605,和平澎湖鮮魚湯,臺北市中正區和平西路1段46號,121.519942,25.026454
opening,2026-04-29,2026-04,635611,阿帕狗數位行銷工作室,臺北市大同區寧夏路155號5樓,121.51428,25.06133
opening,2026-04-29,2026-04,635627,幸運熊童裝行,臺北市信義區永吉路461號,121.57886,25.045579
opening,2026-04-29,2026-04,635632,時光吉室,臺北市中正區許昌街12號2樓,121.516827,25.045438
opening,2026-04-29,2026-04,635648,芃程養生會館,臺北市中山區錦州街25號3樓之1,121.525278,25.060399
opening,2026-04-29,2026-04,635653,易美養生館,臺北市信義區林口街224號1樓,121.581194,25.042183
opening,2026-04-29,2026-04,635669,沉浸式務所,臺北市大同區重慶北路3段80號2樓,121.513445,25.06622
opening,2026-04-29,2026-04,635675,一山設計,臺北市士林區中山北路7段81巷30號6樓之10,121.529253,25.122295
opening,2026-04-29,2026-04,635680,蓎小姐工作室,臺北市中正區羅斯福路3段316巷20號5樓,121.532241,25.015366
opening,2026-04-29,2026-04,650400,品凜食品行,臺北市士林區天母西路13巷1號1樓,121.528221,25.118718
opening,2026-04-29,2026-04,653693,魔境企業社,臺北市文山區羅斯福路5段235號,121.539283,25.001681
opening,2026-04-30,2026-04,635577,吉星禮儀企業社,臺北市中正區延平南路61號3樓之4,121.510414,25.044657
opening,2026-04-30,2026-04,635696,趨合工作室,臺北市大安區忠孝東路4段233號10樓之6,121.553608,25.041654
opening,2026-04-30,2026-04,635703,若傑音樂工作室,臺北市中山區南京東路2段150號5樓,121.534199,25.051833
opening,2026-04-30,2026-04,635719,空間創藝髮藝,臺北市信義區忠孝東路5段71巷11弄18號1樓,121.567965,25.041909
opening,2026-04-30,2026-04,635725,翰娜一鼎商行,臺北市信義區吳興街359之10號1樓,121.566408,25.025966
opening,2026-04-30,2026-04,635730,富而俐洋行,臺北市士林區中山北路6段35巷12號1樓,121.524563,25.103047
opening,2026-04-30,2026-04,635746,禾楠早午餐店,臺北市中正區杭州南路1段14之9號,121.525327,25.039138
opening,2026-04-30,2026-04,635751,萊特利工作室,臺北市大安區樂利路13號,121.551267,25.028117
opening,2026-04-30,2026-04,635767,蓁蓁美甲工作室,臺北市士林區重慶北路4段45號1樓,121.512849,25.080898
opening,2026-04-30,2026-04,635773,微笑果昔小舖,臺北市內湖區康寧路3段189巷12弄16號1樓,121.612881,25.069942
opening,2026-04-30,2026-04,635788,燕山湯圓店,臺北市信義區虎林街108巷11號1樓,121.576583,25.042556
opening,2026-04-30,2026-04,635794,好琳居工作室,臺北市大安區忠孝東路4段169號12樓之4,121.550421,25.041705
opening,2026-04-30,2026-04,635801,小天媒體工作室,臺北市文山區辛亥路4段166巷11號,121.555801,25.004527
opening,2026-04-30,2026-04,635817,宇勝商行,臺北市大安區信義路4段26號5樓之1,121.544405,25.033166
opening,2026-04-30,2026-04,635823,魔幻美人魚工作室,臺北市中山區中山北路1段140巷18號2樓,121.52119,25.05143
opening,2026-04-30,2026-04,635838,玄和工作室,臺北市松山區三民路3巷21號,121.56292,25.051991
opening,2026-04-30,2026-04,635859,神氣小虎體操館,臺北市北投區珠海路13號1樓,121.501895,25.137865
opening,2026-04-30,2026-04,635865,暗沼商行,臺北市中山區中山北路2段59巷25之6號,121.524181,25.056006
opening,2026-04-30,2026-04,635871,月梅室內設計工作室,臺北市大安區仁愛路3段26號5樓,121.535746,25.037648
opening,2026-04-30,2026-04,635886,恆翔工程行,臺北市文山區下崙路33巷21號2樓,121.558475,24.986149
opening,2026-04-30,2026-04,635892,權麒企業社,臺北市士林區延平北路5段136巷27弄39號1樓,121.511093,25.083024
opening,2026-04-30,2026-04,635909,本是企業社,臺北市中山區新生北路3段11巷27號1樓,121.528636,25.063648
opening,2026-04-30,2026-04,635915,品和行,臺北市中山區復興北路170號1樓,121.543865,25.053747
opening,2026-04-30,2026-04,635921,九品倉商行,臺北市士林區通河東街1段124巷3號2樓,121.516279,25.086672
opening,2026-04-30,2026-04,635936,親子弦樂藝術美學工作室,臺北市萬華區西園路2段157號8樓,121.495965,25.02904
opening,2026-04-30,2026-04,635942,首爾玩家貿易社,臺北市中山區龍江路151號2樓,121.540619,25.054017
opening,2026-04-30,2026-04,662291,鴻銳汽車美容坊,臺北市北投區東華街1段434號1樓,121.51802,25.111583
closure,2026-04-01,2026-04,621200,鋒俞商行,臺北市大安區樂利路73號1樓,121.552038,25.026098
closure,2026-04-01,2026-04,628421,力歐文創社,臺北市萬華區康定路25巷36弄4號,121.504071,25.043624
closure,2026-04-01,2026-04,1830428,羅堯仁自營計程車,臺北市士林區芝玉路2段86號4樓,121.535246,25.112378
closure,2026-04-01,2026-04,4886396,再興輪胎行,臺北市文山區興隆路4段21號1樓,121.559337,24.990666
closure,2026-04-01,2026-04,10323850,香港仔精品百貨商行,臺北市大同區重慶北路1段26巷64號,121.512449,25.051079
closure,2026-04-01,2026-04,13821156,達達資訊社,臺北市南港區成功路1段5號,121.593283,25.054701
closure,2026-04-01,2026-04,25516449,順興商行,臺北市中山區龍江路238之1號,121.540368,25.058523
closure,2026-04-01,2026-04,25657616,陽光棕櫚小吃店,臺北市松山區復興北路313巷29號,121.546439,25.059059
closure,2026-04-01,2026-04,26359045,比比寵物精品店,臺北市中山區北安路460號,121.544681,25.079592
closure,2026-04-01,2026-04,31855353,希潔商行,臺北市信義區忠孝東路5段442號,121.576031,25.040696
closure,2026-04-01,2026-04,73047137,宏驊工程行,臺北市大同區南京西路163號2樓之31,121.513129,25.054082
closure,2026-04-01,2026-04,79816295,梅森莉菈法式甜點店,臺北市內湖區民權東路6段296巷46之3號1樓,121.607785,25.071353
closure,2026-04-01,2026-04,88285966,黃來福食坊,臺北市信義區永吉路180巷66弄37號1樓,121.570448,25.043583
closure,2026-04-01,2026-04,88301425,富麗滿屋音樂沙發傢俱館,臺北市大安區光復南路620之3號1樓,121.557029,25.032105
closure,2026-04-01,2026-04,88358290,人生如夢企業社,臺北市信義區光復南路569號1樓及2樓,121.557591,25.030705
closure,2026-04-01,2026-04,93124343,沐晨企業社,臺北市信義區松山路532號,121.578073,25.037918
closure,2026-04-01,2026-04,93145430,紫悅企業社,臺北市松山區南京東路5段356號8樓之1,121.569691,25.051062
closure,2026-04-02,2026-04,553168,猿富商行,臺北市北投區天母西路130巷5號,121.522262,25.118611
closure,2026-04-02,2026-04,13847135,欣和鋁業工程行,臺北市南港區南港路3段195號,121.581117,25.051462
closure,2026-04-02,2026-04,26250679,圓緣瑜伽工作坊,臺北市中山區南京東路1段50號(3樓),121.524604,25.051953
closure,2026-04-02,2026-04,75922983,東閣精品館,臺北市士林區大北路68號1樓,121.525172,25.09016
closure,2026-04-02,2026-04,76423839,川味食堂,臺北市大安區臨江街133號1樓,121.553498,25.030469
closure,2026-04-02,2026-04,79445506,先與設計,臺北市大安區忠孝東路4段148號6樓,121.54991,25.041298
closure,2026-04-02,2026-04,88150926,依霖工作室,臺北市南港區向陽路258巷15號11樓,121.593019,25.058395
closure,2026-04-02,2026-04,88156885,翊萱美甲美睫紋飾美學館,臺北市中山區龍江路381號,121.541041,25.064933
closure,2026-04-02,2026-04,88198040,八八八娃娃屋,臺北市大安區臨江街32號1樓,121.556445,25.029585
closure,2026-04-02,2026-04,88305127,楠娜服飾工作室,臺北市北投區光明路100巷4弄8號6樓,121.500829,25.132949
closure,2026-04-02,2026-04,93189719,好好茶房,臺北市大安區忠孝東路4段216巷19弄8號,121.553513,25.04023
closure,2026-04-07,2026-04,542655,新雞坊,臺北市中山區農安街166巷9號1樓,121.533925,25.064031
closure,2026-04-07,2026-04,38549458,小王子早餐店,臺北市松山區八德路2段366巷15之7號1樓,121.546042,25.047355
closure,2026-04-07,2026-04,42557676,昇倫精品行,臺北市大安區仁愛路4段133號,121.550693,25.038108
closure,2026-04-07,2026-04,48788082,哈偉斯食品行,臺北市中正區羅斯福路2段66巷1號1樓,121.521574,25.027384
closure,2026-04-07,2026-04,75472380,嘎非拉商行,臺北市文山區木柵路2段21號,121.559389,24.988869
closure,2026-04-07,2026-04,79612807,哩賀牛肉哨子飯,臺北市中山區長安東路2段171號1樓,121.541684,25.048401
closure,2026-04-07,2026-04,88141477,拳願會商行,臺北市北投區石牌路2段90巷18-1號1樓,121.517112,25.117045
closure,2026-04-07,2026-04,88144615,花芝貓工作室,臺北市中山區伊通街97之1號1樓,121.534893,25.053135
closure,2026-04-07,2026-04,88207723,逼逼工作室,臺北市內湖區內湖路2段263巷4號1樓,121.590083,25.082547
closure,2026-04-07,2026-04,88222822,珍觀之制商行,臺北市大安區安和路2段171巷10號12樓,121.550382,25.02792
closure,2026-04-07,2026-04,88226067,申圓休閒館,臺北市萬華區華西街19之1號,121.498559,25.03909
closure,2026-04-07,2026-04,88362251,慕華商行,臺北市大同區南京西路62號7樓,121.519042,25.052752
closure,2026-04-07,2026-04,93194086,恆昌傳統整復推拿館,臺北市大安區羅斯福路2段101巷45號1樓,121.526748,25.024754
closure,2026-04-07,2026-04,93197984,承益國際商行,臺北市士林區大南路415號4樓,121.516056,25.09018
closure,2026-04-07,2026-04,99961922,雞椰爺椰子雞鍋物料理餐館,臺北市北投區中央北路4段532號1樓,121.467903,25.128382
closure,2026-04-08,2026-04,550916,艾蒔光健康舒壓館,臺北市中山區南京東路3段210號9樓,121.543341,25.05167
closure,2026-04-08,2026-04,551302,一二零企業社,臺北市大同區甘谷街26號5樓,121.510876,25.052772
closure,2026-04-08,2026-04,1489302,昱弘商行,臺北市中正區汀州路2段10號5樓,121.515992,25.025701
closure,2026-04-08,2026-04,4465466,紫園飯店,臺北市大同區南京西路18巷30號1樓,121.520042,25.050611
closure,2026-04-08,2026-04,17758675,興六群企業社,臺北市士林區社子街99號1樓,121.505636,25.087751
closure,2026-04-08,2026-04,72980587,皮莫咖啡,臺北市松山區八德路4段295巷18弄4號,121.566087,25.049531
closure,2026-04-08,2026-04,75142305,只想吃乾淨工作室,臺北市中山區南京東路1段13巷5號2樓,121.523726,25.053436
closure,2026-04-08,2026-04,88294634,囂張吃翅炸雞店,臺北市文山區秀明路2段14號1樓,121.574325,24.991606
closure,2026-04-08,2026-04,93117764,閃亮少林企業社,臺北市萬華區武昌街2段124之4、124之5號1樓,121.503725,25.045375
closure,2026-04-08,2026-04,93199391,一品森工作室,臺北市松山區八德路4段699號5樓之3,121.576644,25.050207
closure,2026-04-08,2026-04,95097172,景閎商行,臺北市松山區南京東路4段178號,121.556991,25.051366
closure,2026-04-09,2026-04,1494522,夢駝鈴風味坊,臺北市中正區汀州路3段108號,121.533195,25.014316
closure,2026-04-09,2026-04,25534811,銀河星系企業社,臺北市士林區小西街41號4樓,121.523396,25.090045
closure,2026-04-09,2026-04,25536846,滿來商行,臺北市北投區中山路1之6號1樓,121.504746,25.136998
closure,2026-04-09,2026-04,29651804,建昌熔接所,臺北市士林區延平北路6段35號1樓,121.508947,25.087357
closure,2026-04-09,2026-04,42279646,康勝實業社,臺北市中正區厦門街23-2號,121.5177881,25.02721169
closure,2026-04-09,2026-04,42488502,米多莉商行,臺北市信義區忠孝東路5段357號1樓,121.574488,25.041052
closure,2026-04-09,2026-04,75471002,東隆行,臺北市士林區永平街9巷2號1樓,121.504863,25.089926
closure,2026-04-09,2026-04,87479107,星磐商行,臺北市大安區建國南路1段28號,121.53623,25.04428
closure,2026-04-09,2026-04,88390313,胖叔叔本舖,臺北市萬華區峨眉街49號1樓,121.506805,25.043614
closure,2026-04-09,2026-04,93119284,廣聚活力屋,臺北市萬華區漢中街178號1樓,121.506366,25.040939
closure,2026-04-09,2026-04,93139731,錞享服裝工作室,臺北市大安區忠孝東路4段216巷40弄14之2號,121.552242,25.039362
closure,2026-04-10,2026-04,541543,公主衣櫃服飾商行,臺北市信義區永吉路491巷9弄24號1樓,121.579656,25.04655
closure,2026-04-10,2026-04,542888,熊霖日式商行,臺北市內湖區康寧路3段189巷10號1樓,121.612459,25.07015
closure,2026-04-10,2026-04,547949,斕榭庭老上海點心,臺北市信義區莊敬路281號1樓,121.562974,25.028922
closure,2026-04-10,2026-04,566494,含豐餐酒館,臺北市中山區農安街51號1樓,121.526804,25.064985
closure,2026-04-10,2026-04,615087,森吉優企業社,臺北市松山區寧安街9巷8號1樓,121.554947,25.04972
closure,2026-04-10,2026-04,626021,澤森商行,臺北市中正區仁愛路2段25號5樓,121.527305,25.038461
closure,2026-04-10,2026-04,15647549,韓味韓式豆腐鍋店,臺北市中山區農安街245號1樓,121.534747,25.064796
closure,2026-04-10,2026-04,26360731,翔林髮廊,臺北市松山區南京東路5段221號,121.564438,25.051601
closure,2026-04-10,2026-04,76420988,兆品商行,臺北市大安區信義路3段202號1樓,121.543324,25.03318
closure,2026-04-10,2026-04,79844145,男生好朋友除毛工作室,臺北市中山區中山北路1段140巷8號2樓,121.521401,25.051434
closure,2026-04-10,2026-04,82649639,馬小姐時尚甜點工作室,臺北市中山區農安街20號2樓之6,121.524917,25.064796
closure,2026-04-10,2026-04,88198169,吉林藥局,臺北市中山區吉林路371號1樓,121.530484,25.06511
closure,2026-04-10,2026-04,88207717,洗蓬蓬寵物美容工作室,臺北市內湖區文湖街57號1樓,121.562661,25.086839
closure,2026-04-10,2026-04,88379366,浪悠工作室,臺北市信義區仁愛路4段512巷8號,121.561029,25.03685
closure,2026-04-10,2026-04,93190928,永禾商行,臺北市大安區仁愛路4段8巷20號,121.544287,25.037213
closure,2026-04-13,2026-04,538651,田悅湯品社,臺北市中山區吉林路43號1樓,121.53018,25.051212
closure,2026-04-13,2026-04,622545,好人猿小覓風企業社,臺北市松山區南京東路4段130號10樓,121.555708,25.051394
closure,2026-04-13,2026-04,26392662,內湖古城小吃店,臺北市內湖區內湖路1段737巷51弄1之1號,121.579171,25.08033
closure,2026-04-13,2026-04,42283536,堤芙莉麵包坊,臺北市北投區知行路290號,121.467583,25.12177
closure,2026-04-13,2026-04,42341424,紅月工作室,臺北市中山區中山北路2段33號6樓,121.522836,25.053381
closure,2026-04-13,2026-04,76438447,盈昇水產行,臺北市萬華區環河南路3段155號,121.491624,25.023005
closure,2026-04-13,2026-04,83938658,庭庭服飾店,臺北市中正區延平南路97號(1、2樓),121.510786,25.042708
closure,2026-04-13,2026-04,88142460,吉宥商行,臺北市大安區金山南路二段10巷15號1樓,121.526467,25.033628
closure,2026-04-13,2026-04,88149267,法蘭克甜品舖,臺北市內湖區民權東路6段62號,121.584806,25.0687
closure,2026-04-13,2026-04,88216954,暖日常工作室,臺北市中正區厦門街131巷7號5樓,121.518918,25.023823
closure,2026-04-13,2026-04,88222739,小莊小吃店,臺北市中山區龍江路93號1樓,121.54057,25.051352
closure,2026-04-13,2026-04,93119968,鑫滿貫運動彩券行,臺北市北投區東華街2段100號,121.513311,25.118231
closure,2026-04-14,2026-04,542331,京元鼎企業社,臺北市大安區基隆路2段112號8樓,121.55705,25.029174
closure,2026-04-14,2026-04,550583,水果大王水果專賣店,臺北市內湖區內湖路1段737巷51弄1之1號1樓,121.579171,25.08033
closure,2026-04-14,2026-04,20898545,王美芳香舖,臺北市信義區林口街22號1樓,121.579386,25.037313
closure,2026-04-14,2026-04,42426014,天合堂傳統整復推拿館,臺北市士林區士東路91巷40弄4號,121.530095,25.11355
closure,2026-04-14,2026-04,42433248,美學髮型工作室,臺北市萬華區峨眉街62號5樓,121.504707,25.043966
closure,2026-04-14,2026-04,42509106,肉蹼澡堂工作室,臺北市萬華區長泰街146號1樓,121.497558,25.022258
closure,2026-04-14,2026-04,72985035,膜斯專業包膜店,臺北市大安區忠孝東路4段223巷10弄12號,121.553529,25.041951
closure,2026-04-14,2026-04,79810659,宜學健康生活學苑,臺北市中正區愛國東路32號1樓,121.518142,25.034143
closure,2026-04-14,2026-04,93143762,慶華港式燒臘,臺北市內湖區康樂街83之1號,121.618767,25.069389
closure,2026-04-15,2026-04,1513844,陳正忠自營計程車行,臺北市松山區吳興街506巷19號,121.5686977,25.02373651
closure,2026-04-15,2026-04,26364504,祈妙企業社,臺北市中山區民生東路2段123號1樓,121.531918,25.058087
closure,2026-04-15,2026-04,38459147,眾來發商行,臺北市大同區昌吉街112號,121.514712,25.065823
closure,2026-04-15,2026-04,42290760,年旺商號,臺北市士林區天玉街3號1樓,121.526695,25.119993
closure,2026-04-15,2026-04,42357852,凌巧餐飲店,臺北市文山區興隆路4段9號1樓,121.559154,24.99095
closure,2026-04-15,2026-04,42430024,上一實業社,臺北市大安區信義路4段1號2樓,121.543915,25.033566
closure,2026-04-15,2026-04,48901599,一粒一甜不辣小吃店,臺北市大安區師大路135巷1號,121.528174,25.021532
closure,2026-04-15,2026-04,76358210,浮花影像空間工作室,臺北市中正區廈門街41之1號,121.517778,25.025935
closure,2026-04-15,2026-04,79836588,伊通豆漿店,臺北市中山區伊通街121號,121.534932,25.053871
closure,2026-04-15,2026-04,88137353,琪式茶寓商行,臺北市中山區中山北路1段105巷8號1樓,121.523385,25.05065
closure,2026-04-15,2026-04,88153677,早點過來商行,臺北市大安區和平東路3段228巷25號1樓,121.554022,25.021238
closure,2026-04-15,2026-04,88224498,樺藝術工作室,臺北市中山區明水路636號5樓之21,121.551346,25.082841
closure,2026-04-15,2026-04,88363651,傑登國際商行,臺北市大同區西寧北路78之16號8樓,121.508688,25.05443
closure,2026-04-15,2026-04,93106957,沛久藥局,臺北市中山區林森北路291號1樓,121.52558,25.055655
closure,2026-04-15,2026-04,93121459,禾寶企業社,臺北市內湖區東湖路119巷4號,121.616612,25.068759
closure,2026-04-15,2026-04,93135398,屋台村稻小吃店,臺北市大安區臨江街122號,121.553912,25.030227
closure,2026-04-15,2026-04,93188991,寶妹小吃店,臺北市南港區忠孝東路6段376號1樓,121.591876,25.049769
closure,2026-04-15,2026-04,93189295,京美企業社,臺北市萬華區環河南路2段123號1樓,121.493652,25.034412
closure,2026-04-15,2026-04,93200123,樂客食品小舖,臺北市中山區松江路431巷14號1樓,121.534388,25.065469
closure,2026-04-15,2026-04,93200518,新固力工程行,臺北市士林區大南路419號8樓,121.516136,25.090271
closure,2026-04-16,2026-04,554912,愛美萌寵商行,臺北市中山區南京東路3段219號9樓,121.54328,25.052084
closure,2026-04-16,2026-04,558966,靝菜小吃店,臺北市大安區延吉街62巷9號,121.553256,25.043388
closure,2026-04-16,2026-04,615002,全台家電維修企業社,臺北市萬華區昆明街46號6樓之17,121.505717,25.046433
closure,2026-04-16,2026-04,631404,亨善企業社,臺北市大同區民族西路201號,121.514511,25.068743
closure,2026-04-16,2026-04,42498608,藝匠室內裝修工作坊,臺北市萬華區桂林路242巷46弄10號,121.494055,25.036477
closure,2026-04-16,2026-04,42502574,富御工程行,臺北市萬華區西園路2段320巷36弄37號2樓,121.490965,25.027298
closure,2026-04-16,2026-04,72910859,多元進口服飾店,臺北市信義區永吉路459巷5弄20號,121.57913,25.045922
closure,2026-04-16,2026-04,76404299,福滿工作室,臺北市松山區南京東路4段1號8樓,121.549637,25.051919
closure,2026-04-16,2026-04,93155823,明水藥局,臺北市中山區明水路651號1樓,121.550849,25.083019
closure,2026-04-16,2026-04,93183671,杉銥美學工作室,臺北市中正區臨沂街3巷11號,121.531526,25.043348
closure,2026-04-17,2026-04,546836,優活企業社,臺北市大同區重慶北路2段197號11樓之1,121.513709,25.060452
closure,2026-04-17,2026-04,1409589,環亞純理髮廳,臺北市萬華區寶興街153號1樓,121.495236,25.02427
closure,2026-04-17,2026-04,7601767,民福商店,臺北市大同區承德路3段159巷25號,121.519385,25.068072
closure,2026-04-17,2026-04,26341833,燙點兒餐館,臺北市松山區敦化北路155巷4號,121.550224,25.054417
closure,2026-04-17,2026-04,27167565,微笑髮型設計髮廊,臺北市萬華區昆明街106號2樓、3樓,121.504966,25.043818
closure,2026-04-17,2026-04,42273158,麒山髮廊,臺北市信義區忠孝東路5段423巷20號,121.575439,25.041989
closure,2026-04-17,2026-04,42283748,曾記餃子,臺北市大安區和平東路2段145號,121.541077,25.025399
closure,2026-04-17,2026-04,42493483,生物事設計工作室,臺北市南港區昆陽街140巷16號3樓,121.593791,25.049693
closure,2026-04-17,2026-04,42510618,漾鍋小吃店,臺北市士林區社正路37號1樓,121.509473,25.088922
closure,2026-04-17,2026-04,72979673,筋師傅工坊,臺北市中正區羅斯福路2段7之1號1樓,121.521164,25.029147
closure,2026-04-17,2026-04,72993909,濤程水電工程行,臺北市北投區裕民六路120號4樓,121.517636,25.11456
closure,2026-04-17,2026-04,93121015,晴漾企業社,臺北市中正區許昌街42之1號5樓,121.515624,25.045162
closure,2026-04-20,2026-04,561322,雲筆出版社工作室,臺北市內湖區新明路246巷3弄28號5樓,121.584638,25.057562
closure,2026-04-20,2026-04,561548,墨池文化工作室,臺北市內湖區新明路246巷3弄28號5樓,121.584638,25.057562
closure,2026-04-20,2026-04,561673,推爆數位行銷工作室,臺北市內湖區新明路246巷3弄28號5樓,121.584638,25.057562
closure,2026-04-20,2026-04,632369,煦煦如生影像工作室,臺北市萬華區中華路1段18巷25號地下,121.508444,25.047501
closure,2026-04-20,2026-04,1345360,大茂廣告工程行,臺北市中正區汀州路1段27號1樓,121.506257,25.032073
closure,2026-04-20,2026-04,5119175,鬱金香花苑,臺北市中山區華陰街26號1樓,121.519757,25.049167
closure,2026-04-20,2026-04,26319282,嘉穎小吃店,臺北市中山區民權東路2段113巷1弄1號,121.534521,25.063092
closure,2026-04-20,2026-04,26336281,馬西瑟企業社,臺北市大同區華陰街94號1樓,121.514217,25.050471
closure,2026-04-20,2026-04,31302711,皇都西裝社,臺北市北投區尊賢街314號1樓,121.506694,25.11823
closure,2026-04-20,2026-04,31856796,立豐室內裝修工程行,臺北市文山區新光路1段134號,121.573507,24.992165
closure,2026-04-20,2026-04,42435371,洋甫坊,臺北市萬華區昆明街131號,121.50458,25.041347
closure,2026-04-20,2026-04,42512469,羅記川味館,臺北市北投區中央北路2段371號1樓,121.487461,25.138234
closure,2026-04-20,2026-04,48995202,安捷企業社,臺北市中山區中山北路1段83巷5號6樓之11,121.522823,25.050467
closure,2026-04-20,2026-04,72931284,立盛工程行,臺北市大安區忠孝東路4段148號8樓之5,121.54991,25.041298
closure,2026-04-20,2026-04,72982987,阿英海產粥,臺北市大安區復興南路2段268號1樓,121.543245,25.024604
closure,2026-04-20,2026-04,72983557,音樂點子企業社,臺北市松山區八德路2段386號9樓之11,121.546336,25.048013
closure,2026-04-20,2026-04,88220438,雅緻幸福早餐店,臺北市北投區尊賢街237號1樓,121.507611,25.116078
closure,2026-04-20,2026-04,88282519,比耶茶坊,臺北市中正區忠孝西路1段72號1樓之31,121.514062,25.046827
closure,2026-04-20,2026-04,93123055,聖米商行,臺北市內湖區港墘路61號,121.578327,25.081254
closure,2026-04-20,2026-04,93139774,富千企業社,臺北市松山區南京東路4段75號4樓之1,121.553449,25.051843
closure,2026-04-21,2026-04,554618,革威創意行號,臺北市大安區忠孝東路4段148號6樓,121.54991,25.041298
closure,2026-04-21,2026-04,566656,吳家蒸餃小吃部,臺北市萬華區和平西路3段200號1樓,121.497077,25.035205
closure,2026-04-21,2026-04,632781,云創作工作室,臺北市內湖區行善路111巷37號1樓,121.580203,25.057561
closure,2026-04-21,2026-04,15885366,立昌藥局,臺北市萬華區萬大路486巷59弄38號1樓,121.49533,25.019749
closure,2026-04-21,2026-04,26228419,芳悅美髮沙龍店,臺北市信義區松德路41號,121.577185,25.038916
closure,2026-04-21,2026-04,42507584,喜渥攝影工作室,臺北市內湖區金湖路358巷2號8樓,121.603932,25.073696
closure,2026-04-21,2026-04,72910746,百妍商行,臺北市北投區尊賢街251巷26號1樓,121.505317,25.117536
closure,2026-04-21,2026-04,76425576,親顧企業社,臺北市中正區汀州路1段180號1樓,121.508895,25.028407
closure,2026-04-21,2026-04,79857056,卡卡比拉商行,臺北市萬華區漢中街149號1樓,121.50724,25.041647
closure,2026-04-21,2026-04,88311155,上晟室內裝修工程行,臺北市士林區社中街406號1樓,121.502947,25.092088
closure,2026-04-22,2026-04,552750,悠米畫畫生活工作室,臺北市信義區忠孝東路5段177號4樓,121.56901,25.041194
closure,2026-04-22,2026-04,1533139,銘聲電器行,臺北市松山區南京東路5段291巷3之3號1樓,121.566224,25.051867
closure,2026-04-22,2026-04,1616052,鴻運鐘錶眼鏡行,臺北市松山區延壽街393號1樓,121.55753,25.0565
closure,2026-04-22,2026-04,17542205,九震餐館,臺北市中山區雙城街21號地下1樓,121.524355,25.065559
closure,2026-04-22,2026-04,21216060,合豐食品行,臺北市信義區永吉路120巷71號1樓,121.570353,25.043035
closure,2026-04-22,2026-04,29821603,玫瑰花推廣中心台北分園,臺北市士林區中正路104巷1弄2號1樓,121.529663,25.096838
closure,2026-04-22,2026-04,31844201,越世界按摩館,臺北市大同區環河北路2段75號,121.50897,25.065584
closure,2026-04-22,2026-04,42288814,雅琪咖啡館,臺北市萬華區和平西路3段143號,121.498912,25.035423
closure,2026-04-22,2026-04,72929554,燦煌烘焙坊,臺北市北投區尊賢街203號1樓,121.508039,25.11524
closure,2026-04-22,2026-04,76310265,銀彔坊,臺北市中山區吉林路407巷19號1樓,121.531283,25.066158
closure,2026-04-22,2026-04,79837502,麗潔自助洗衣店,臺北市北投區吉利街160號1樓,121.508718,25.118558
closure,2026-04-22,2026-04,79847190,星維園藝社,臺北市大安區忠孝東路4段71之6號,121.546856,25.041864
closure,2026-04-22,2026-04,79856887,霏比雅各企業社,臺北市松山區光復北路11巷89號7樓,121.561841,25.050366
closure,2026-04-22,2026-04,88205302,蕾迪波波商行,臺北市大同區西寧北路96號3樓,121.508837,25.055622
closure,2026-04-22,2026-04,88358806,百萬市集商行,臺北市大同區延平北路2段202號18樓,121.511296,25.059035
closure,2026-04-22,2026-04,93144312,鴨香煲齊平店,臺北市中山區四平街20之1號1樓,121.530938,25.053576
closure,2026-04-23,2026-04,512152,獨領楓燒串烤店,臺北市中山區新生北路2段68巷13弄8號1樓,121.526366,25.056388
closure,2026-04-23,2026-04,540045,速必欣商行,臺北市士林區文林路173號1樓,121.526818,25.089569
closure,2026-04-23,2026-04,25577780,傲翔中泰料理店,臺北市信義區莊敬路205號,121.561597,25.030552
closure,2026-04-23,2026-04,31958111,國鵬企業社,臺北市大同區萬全街9號1樓,121.519874,25.058691
closure,2026-04-23,2026-04,38508512,美時工作室,臺北市文山區興隆路4段165巷37號3樓,121.563582,24.984423
closure,2026-04-23,2026-04,42364565,新大溪地時尚館,臺北市中山區民權東路2段1號2樓之2,121.528108,25.062854
closure,2026-04-23,2026-04,48773530,承翔企業社,臺北市士林區中正路611號4樓,121.50976,25.086409
closure,2026-04-23,2026-04,48998806,綺琍美容美甲造型沙龍坊,臺北市中山區新生北路3段11巷36號,121.528831,25.063517
closure,2026-04-23,2026-04,72932018,軒瀚自助洗衣店,臺北市內湖區康樂街54號1樓,121.618467,25.069212
closure,2026-04-23,2026-04,88136116,吳極限商行,臺北市中山區大直里大直街61號1樓,121.546437,25.083462
closure,2026-04-23,2026-04,88146058,佳思果商行,臺北市內湖區內湖路1段591巷10弄2號,121.573128,25.081424
closure,2026-04-23,2026-04,88205020,國城工作室,臺北市士林區大南路325號2樓,121.517483,25.088916
closure,2026-04-23,2026-04,88205056,陳曉玲工作室,臺北市士林區大南路345號9樓之2,121.516732,25.088673
closure,2026-04-23,2026-04,88209840,萬邦行,臺北市中山區南京東路2段108號10樓之3,121.532194,25.051863
closure,2026-04-23,2026-04,88224271,點自然商行,臺北市信義區忠孝東路4段553巷6弄9號,121.563253,25.042313
closure,2026-04-23,2026-04,88310249,夾滿滿商行,臺北市文山區興隆路2段220巷31弄3號,121.552609,25.000478
closure,2026-04-23,2026-04,88375538,老店小吃部,臺北市文山區景隆街3號,121.540105,25.000236
closure,2026-04-23,2026-04,98883126,尚好企業社,臺北市文山區忠順街1段48巷19號,121.560379,24.983259
closure,2026-04-24,2026-04,539899,英準企業社,臺北市萬華區武昌街2段116之1號3樓,121.504636,25.045168
closure,2026-04-24,2026-04,551056,美力工作室,臺北市大安區基隆路2段136號9樓,121.556652,25.028494
closure,2026-04-24,2026-04,15935984,林繼昌商號,臺北市萬華區環南綜合市場丁棟1樓529號,121.497241,25.018692
closure,2026-04-24,2026-04,31877238,有貓公園咖啡,臺北市文山區興隆路3段207巷16弄20號3樓,121.561929,24.994105
closure,2026-04-24,2026-04,72929870,金陞行,臺北市士林區延平北路5段183巷12號3樓,121.509494,25.083233
closure,2026-04-24,2026-04,73176053,米婕冰菓室,臺北市士林區中山北路6段736號1樓,121.528093,25.115402
closure,2026-04-24,2026-04,76360546,棒讚好商行,臺北市士林區通河西街2段92號5樓,121.509065,25.092285
closure,2026-04-24,2026-04,88362203,炒驛小吃店,臺北市內湖區東湖路43巷18之4號1樓,121.61374,25.069789
closure,2026-04-27,2026-04,540994,呼嚕早午餐,臺北市中山區中山北路1段92號2樓之1,121.521133,25.049347
closure,2026-04-27,2026-04,564735,亨祿企業社,臺北市信義區福德街300巷10號,121.587017,25.03968
closure,2026-04-27,2026-04,5019865,惠春商號,臺北市文山區秀明路2段100號1樓,121.576542,24.990977
closure,2026-04-27,2026-04,14347708,瑞德工作室,臺北市中正區紹興北街10號6樓之2,121.525343,25.045506
closure,2026-04-27,2026-04,17258186,聖利企業社,臺北市士林區重慶北路4段69號1樓,121.512632,25.08141
closure,2026-04-27,2026-04,18402580,宏願禮儀禮品社,臺北市中山區民權東路2段135巷29弄2號,121.535314,25.064119
closure,2026-04-27,2026-04,25579513,富比視工作室,臺北市中正區羅斯福路2段48巷3號,121.521311,25.027669
closure,2026-04-27,2026-04,26225927,邦妮寵物美學商行,臺北市中山區新生北路3段63之2號1樓,121.528058,25.066063
closure,2026-04-27,2026-04,75150000,老眷村食品行,臺北市信義區忠孝東路5段53號11樓,121.566488,25.041288
closure,2026-04-27,2026-04,75949435,緣續緣休閒茶館,臺北市文山區指南路3段38巷16之2號2樓,121.587365,24.969321
closure,2026-04-27,2026-04,76385899,初覺生活文創室,臺北市大同區承德路2段151號1樓,121.518394,25.058005
closure,2026-04-27,2026-04,81789702,堤園園藝社,臺北市士林區前港街9號7樓,121.522747,25.084949
closure,2026-04-27,2026-04,88158722,昌宏串串香企業社,臺北市文山區木柵路3段102巷4號,121.567447,24.988406
closure,2026-04-27,2026-04,88308270,沃伯裔貿易商行,臺北市大安區仁愛路4段101號10樓,121.548413,25.038708
closure,2026-04-27,2026-04,88377374,維妙維肖工作室,臺北市中山區吉林路169號1樓,121.530343,25.059204
closure,2026-04-27,2026-04,91764510,什發商行,臺北市信義區光復南路429號5樓,121.557708,25.035892
closure,2026-04-27,2026-04,93195923,宸曦商行,臺北市信義區松山路465巷29弄14號1樓,121.579292,25.040873
closure,2026-04-28,2026-04,631468,山石食品商行,臺北市松山區延壽街84號1樓,121.564725,25.056882
closure,2026-04-28,2026-04,13470308,圻心時尚名店,臺北市信義區忠孝東路5段71巷42號,121.567312,25.043053
closure,2026-04-28,2026-04,77195117,伯鴻商行,臺北市中山區民生東路1段51號3樓之2,121.526242,25.058197
closure,2026-04-28,2026-04,77868351,誠昌國藥號,臺北市大安區辛亥路3段157巷30號1樓,121.550635,25.018086
closure,2026-04-28,2026-04,88160425,港興美食坊,臺北市文山區興隆路2段64號,121.547839,24.999614
closure,2026-04-28,2026-04,88227360,饃饃噠商行,臺北市大安區金山南路2段25之1號1樓,121.527283,25.033148
closure,2026-04-28,2026-04,88291290,北安揪團購商行,臺北市中山區北安路458巷41弄25號1樓,121.545895,25.078945
closure,2026-04-28,2026-04,93206196,普田企業社,臺北市松山區民生東路5段186號14樓之2,121.563783,25.058485
closure,2026-04-29,2026-04,543850,吳山居飲坊,臺北市大安區延吉街120號,121.554636,25.04042
closure,2026-04-29,2026-04,560219,艾酷爾咖啡,臺北市萬華區內江街63號1樓,121.504994,25.041633
closure,2026-04-29,2026-04,621763,祥泉餐飲企業社,臺北市信義區莊敬路334號1樓,121.563774,25.027857
closure,2026-04-29,2026-04,628647,心軒商舖,臺北市松山區南京東路5段250巷18弄5號1樓,121.566316,25.050242
closure,2026-04-29,2026-04,632868,禾呈日貨商行,臺北市中正區金山北路1號5樓之6,121.530348,25.043935
closure,2026-04-29,2026-04,9489537,吉士商行,臺北市中正區同安街66號,121.520881,25.023129
closure,2026-04-29,2026-04,31900998,皇良寵物生活館,臺北市大同區承德路2段6號,121.517975,25.055129
closure,2026-04-29,2026-04,38507252,真善美水晶坊,臺北市松山區光復南路59號,121.557935,25.045688
closure,2026-04-29,2026-04,42490731,豐盛刀削麵店,臺北市中山區長安東路1段53巷2之1號1樓,121.526393,25.049029
closure,2026-04-29,2026-04,76370869,匯寶工作室,臺北市內湖區南京東路6段451巷57號5樓之16,121.586769,25.061902
closure,2026-04-29,2026-04,76468173,泰站小吃店,臺北市大安區通化街39巷49弄10號,121.555485,25.031015
closure,2026-04-29,2026-04,77177912,衣心行,臺北市萬華區西園路2段173號1樓,121.495189,25.027944
closure,2026-04-29,2026-04,79586505,愛德拉服飾店,臺北市文山區羅斯福路5段245號,121.539367,25.001474
closure,2026-04-29,2026-04,88136050,黑夾客商店,臺北市大同區歸綏街189號1樓,121.512623,25.058256
closure,2026-04-30,2026-04,611694,真好運休閒館,臺北市萬華區東園街32之1號1樓,121.495891,25.026987
closure,2026-04-30,2026-04,616380,鑫饍坊,臺北市中山區長安東路2段129巷4號,121.535934,25.048835
closure,2026-04-30,2026-04,623951,永婕商號,臺北市中山區中山北路3段30號7樓之3,121.522035,25.065362
closure,2026-04-30,2026-04,11736083,新龍江理髮廳,臺北市中山區龍江路2之2號,121.540299,25.047063
closure,2026-04-30,2026-04,21725037,采士影像造型屋,臺北市大安區延吉街157之5號2樓,121.55511,25.039474
closure,2026-04-30,2026-04,25542024,匯來企業社,臺北市萬華區環河南路3段239號7樓,121.492718,25.020575
closure,2026-04-30,2026-04,41084720,欣意商行,臺北市文山區景興路193號11樓之3,121.54441,24.992228
closure,2026-04-30,2026-04,42283374,鹿町三樂集服飾商行,臺北市北投區中和街368號19樓之3,121.499133,25.141942
closure,2026-04-30,2026-04,42417388,誇許早午餐,臺北市大安區復興南路2段84之6號,121.543325,25.030636
closure,2026-04-30,2026-04,42558345,鶴家食堂,臺北市北投區東華街1段48巷2號1樓,121.519942,25.108736
closure,2026-04-30,2026-04,72992063,谷賓精品工業社,臺北市信義區基隆路2段149之49號11樓之4,121.555072,25.026382
closure,2026-04-30,2026-04,75946768,玉瑪食品企業社,臺北市大安區安居街75巷7號4樓,121.553522,25.018615
closure,2026-04-30,2026-04,79853262,全盛早午餐,臺北市士林區士東路200巷80號1樓,121.534003,25.110019
closure,2026-04-30,2026-04,81631203,鼎郝乾洗商店,臺北市內湖區民權東路6段296巷27號1樓,121.606196,25.072044
closure,2026-04-30,2026-04,81724976,小僖女子美容院,臺北市大同區重慶北路3段249號,121.514002,25.071414
closure,2026-04-30,2026-04,88214908,升羕生技企業社,臺北市中山區復興北路174號9樓,121.54387,25.053954
closure,2026-04-30,2026-04,88369450,優吉商行,臺北市士林區德行東路270號1樓,121.535239,25.109839
closure,2026-04-30,2026-04,88374833,四知堂青草店,臺北市萬華區廣州街203號,121.500404,25.036733
closure,2026-04-30,2026-04,93125618,梅歌派企業社,臺北市大同區西寧北路78之18號,121.508688,25.05443
closure,2026-04-30,2026-04,93131533,十方國際企業社,臺北市中正區許昌街42號8樓,121.51546,25.045451
closure,2026-04-30,2026-04,93202635,美賦商行,臺北市中山區撫順街2號6樓之1,121.521916,25.063751
